0,women's brazilian wax pictures,2016-04-27 21:45:08,women why are brazilian ,com.py,en,google
1,women's brazilian soccer team,2016-04-27 21:45:08,women why are brazilian ,com.py,en,google
2,women's brazilian jiu jitsu gi,2016-04-27 21:45:08,women why are brazilian ,com.py,en,google
3,women's brazilian bikini swimwear,2016-04-27 21:45:08,women why are brazilian ,com.py,en,google
4,women's brazilian volleyball team,2016-04-27 21:45:08,women why are brazilian ,com.py,en,google
5,women's brazilian jiu jitsu,2016-04-27 21:45:08,women why are brazilian ,com.py,en,google
6,women's brazilian bikinis,2016-04-27 21:45:08,women why are brazilian ,com.py,en,google
7,women's brazilian underwear,2016-04-27 21:45:08,women why are brazilian ,com.py,en,google
8,women's brazilian swimwear,2016-04-27 21:45:08,women why are brazilian ,com.py,en,google
9,women's brazilian soccer team roster,2016-04-27 21:45:08,women why are brazilian ,com.py,en,google
10,women's brazilian beach volleyball team,2016-04-27 21:45:08,women why are brazilian ,com.py,en,google
11,women's brazilian laser hair removal,2016-04-27 21:45:08,women why are brazilian ,com.py,en,google
12,women's brazilian knickers,2016-04-27 21:45:08,women why are brazilian ,com.py,en,google
13,women's brazilian soccer jersey,2016-04-27 21:45:08,women why are brazilian ,com.py,en,google
14,women's brazilian fitness wear,2016-04-27 21:45:08,women why are brazilian ,com.py,en,google
15,women's brazilian swimsuits,2016-04-27 21:45:08,women why are brazilian ,com.py,en,google
16,women's brazilian workout clothes,2016-04-27 21:45:08,women why are brazilian ,com.py,en,google
17,women's brazilian cut bikinis,2016-04-27 21:45:08,women why are brazilian ,com.py,en,google
18,women's brazilian cut underwear,2016-04-27 21:45:08,women why are brazilian ,com.py,en,google
0,women's brazilian wax,2016-04-27 21:45:08,women are why brazilian ,com.py,en,google
1,women's brazilian wax pictures,2016-04-27 21:45:08,women are why brazilian ,com.py,en,google
2,women's brazilian soccer team,2016-04-27 21:45:08,women are why brazilian ,com.py,en,google
3,women's brazilian jiu jitsu gi,2016-04-27 21:45:08,women are why brazilian ,com.py,en,google
4,women's brazilian bikini swimwear,2016-04-27 21:45:08,women are why brazilian ,com.py,en,google
5,women's brazilian volleyball team,2016-04-27 21:45:08,women are why brazilian ,com.py,en,google
6,women's brazilian jiu jitsu,2016-04-27 21:45:08,women are why brazilian ,com.py,en,google
7,women's brazilian bikinis,2016-04-27 21:45:08,women are why brazilian ,com.py,en,google
8,women's brazilian underwear,2016-04-27 21:45:08,women are why brazilian ,com.py,en,google
9,women's brazilian swimwear,2016-04-27 21:45:08,women are why brazilian ,com.py,en,google
10,women's brazilian soccer team roster,2016-04-27 21:45:08,women are why brazilian ,com.py,en,google
11,women's brazilian beach volleyball team,2016-04-27 21:45:08,women are why brazilian ,com.py,en,google
12,women's brazilian laser hair removal,2016-04-27 21:45:08,women are why brazilian ,com.py,en,google
13,women's brazilian knickers,2016-04-27 21:45:08,women are why brazilian ,com.py,en,google
14,women's brazilian soccer jersey,2016-04-27 21:45:08,women are why brazilian ,com.py,en,google
15,women's brazilian fitness wear,2016-04-27 21:45:08,women are why brazilian ,com.py,en,google
16,women's brazilian swimsuits,2016-04-27 21:45:08,women are why brazilian ,com.py,en,google
17,women's brazilian workout clothes,2016-04-27 21:45:08,women are why brazilian ,com.py,en,google
18,women's brazilian cut bikinis,2016-04-27 21:45:08,women are why brazilian ,com.py,en,google
19,women's brazilian cut underwear,2016-04-27 21:45:08,women are why brazilian ,com.py,en,google
