0,women's indian clothing,2016-04-27 21:45:29,women why are indian ,co.uk,en,google
1,women's indian association,2016-04-27 21:45:29,women why are indian ,co.uk,en,google
2,women's indian association 1917,2016-04-27 21:45:29,women why are indian ,co.uk,en,google
3,women's indian tunics,2016-04-27 21:45:29,women why are indian ,co.uk,en,google
4,women's indian shoes,2016-04-27 21:45:29,women why are indian ,co.uk,en,google
5,women's indian wells tennis,2016-04-27 21:45:29,women why are indian ,co.uk,en,google
0,women's indian clothing,2016-04-27 21:45:29,women are why indian ,co.uk,en,google
1,women's indian association,2016-04-27 21:45:29,women are why indian ,co.uk,en,google
2,women's indian association 1917,2016-04-27 21:45:29,women are why indian ,co.uk,en,google
3,women's indian tunics,2016-04-27 21:45:29,women are why indian ,co.uk,en,google
4,women's indian shoes,2016-04-27 21:45:29,women are why indian ,co.uk,en,google
5,women's indian wells tennis,2016-04-27 21:45:29,women are why indian ,co.uk,en,google
