0,men's brazilian wax,2016-04-27 21:43:58,men why are brazilian ,com.ar,en,google
1,men's brazilian wax stories,2016-04-27 21:43:58,men why are brazilian ,com.ar,en,google
2,men's brazilian wax before and after,2016-04-27 21:43:58,men why are brazilian ,com.ar,en,google
3,men's brazilian wax chicago,2016-04-27 21:43:58,men why are brazilian ,com.ar,en,google
4,men's brazilian wax sydney,2016-04-27 21:43:58,men why are brazilian ,com.ar,en,google
5,men's brazilian wax houston,2016-04-27 21:43:58,men why are brazilian ,com.ar,en,google
6,men's brazilian wax edmonton,2016-04-27 21:43:58,men why are brazilian ,com.ar,en,google
7,men's brazilian wax toronto,2016-04-27 21:43:58,men why are brazilian ,com.ar,en,google
8,men's brazilian wax los angeles,2016-04-27 21:43:58,men why are brazilian ,com.ar,en,google
9,men's brazilian wax dallas,2016-04-27 21:43:58,men why are brazilian ,com.ar,en,google
10,men's brazilian wax mississauga,2016-04-27 21:43:58,men why are brazilian ,com.ar,en,google
11,men's brazilian wax melbourne,2016-04-27 21:43:58,men why are brazilian ,com.ar,en,google
12,men's brazilian wax images,2016-04-27 21:43:58,men why are brazilian ,com.ar,en,google
13,men's brazilian wax denver,2016-04-27 21:43:58,men why are brazilian ,com.ar,en,google
14,men's brazilian wax philadelphia,2016-04-27 21:43:58,men why are brazilian ,com.ar,en,google
15,men's brazilian wax perth,2016-04-27 21:43:58,men why are brazilian ,com.ar,en,google
0,men's brazilian wax,2016-04-27 21:43:58,men are why brazilian ,com.ar,en,google
1,men's brazilian wax stories,2016-04-27 21:43:58,men are why brazilian ,com.ar,en,google
2,men's brazilian wax before and after,2016-04-27 21:43:58,men are why brazilian ,com.ar,en,google
3,men's brazilian wax chicago,2016-04-27 21:43:58,men are why brazilian ,com.ar,en,google
4,men's brazilian wax sydney,2016-04-27 21:43:58,men are why brazilian ,com.ar,en,google
5,men's brazilian wax houston,2016-04-27 21:43:58,men are why brazilian ,com.ar,en,google
6,men's brazilian wax edmonton,2016-04-27 21:43:58,men are why brazilian ,com.ar,en,google
7,men's brazilian wax toronto,2016-04-27 21:43:58,men are why brazilian ,com.ar,en,google
8,men's brazilian wax los angeles,2016-04-27 21:43:58,men are why brazilian ,com.ar,en,google
9,men's brazilian wax dallas,2016-04-27 21:43:58,men are why brazilian ,com.ar,en,google
10,men's brazilian wax mississauga,2016-04-27 21:43:58,men are why brazilian ,com.ar,en,google
11,men's brazilian wax melbourne,2016-04-27 21:43:58,men are why brazilian ,com.ar,en,google
12,men's brazilian wax images,2016-04-27 21:43:58,men are why brazilian ,com.ar,en,google
13,men's brazilian wax denver,2016-04-27 21:43:58,men are why brazilian ,com.ar,en,google
14,men's brazilian wax philadelphia,2016-04-27 21:43:58,men are why brazilian ,com.ar,en,google
15,men's brazilian wax perth,2016-04-27 21:43:58,men are why brazilian ,com.ar,en,google
